"NetID,PID"
"asl123456,1"
"jdx654321,2"
"bmx987654,3"
"cxr567890,4"
"dly345678,5"
"ekm789012,6"
"fgn890123,7"
"goh901234,8"
"hpi012345,9"
"iqj123456,10"
"jrk234567,11"
"ksl345678,12"
"ltm456789,13"
"mun567890,14"
"nvo678901,15"
"owp789012,16"
"pxq890123,17"
"qyr901234,18"
"rzs012345,19"
"sat123456,20"
"tbu234567,21"
"ucv345678,22"
"vdw456789,23"
"wex567890,24"
"xfy678901,25"
"ygz789012,26"
"zha890123,27"
"aib901234,28"
"bjc012345,29"
"ckd123456,30"
"dle234567,31"
"emf345678,32"
"fng456789,33"
"goh567890,34"
"hpi678901,35"
"iqj789012,36"
"jrk890123,37"
"ksl901234,38"
"ltm012345,39"
"mun123456,40"
"nvo234567,41"
"owp345678,42"
"pxq456789,43"
"qyr567890,44"
"rzs678901,45"
"sat789012,46"
"tbu890123,47"
"ucv901234,48"
"vdw012345,49"
"wex123456,50"
